{
    "hillmode": "koff",
    "taus": [
        1.0,
        1.5714285714285714,
        2.142857142857143,
        2.7142857142857144,
        3.2857142857142856,
        3.8571428571428568,
        4.428571428571429,
        5.0,
        5.571428571428571,
        6.142857142857142,
        6.7142857142857135,
        7.285714285714286,
        7.857142857142857,
        8.428571428571427,
        9.0,
        10.0,
        20.0,
        30.0,
        40.0,
        50.0,
        60.0,
        70.0,
        80.0,
        90.0,
        100.0,
        110.0,
        120.0,
        130.0,
        140.0,
        150.0,
        160.0,
        170.0,
        180.0,
        190.0,
        200.0,
        232.80912576650078,
        279.334771564616,
        335.1583162737161,
        402.13789474987675,
        482.5029800597099,
        578.9285934152122,
        694.6243445630957,
        833.4412664147941,
        1000.0
    ],
    "hs": [
        1.0,
        1.0954773869346734,
        1.1909547738693467,
        1.2864321608040201,
        1.3819095477386933,
        1.4773869346733668,
        1.5728643216080402,
        1.6683417085427137,
        1.763819095477387,
        1.8592964824120601,
        1.9547738693467336,
        2.050251256281407,
        2.1457286432160805,
        2.241206030150754,
        2.3366834170854274,
        2.4321608040201004,
        2.527638190954774,
        2.6231155778894473,
        2.7185929648241203,
        2.8140703517587937,
        2.909547738693467,
        3.0050251256281406,
        3.100502512562814,
        3.1959798994974875,
        3.291457286432161,
        3.386934673366834,
        3.4824120603015074,
        3.577889447236181,
        3.6733668341708543,
        3.7688442211055277,
        3.8643216080402008,
        3.959798994974874,
        4.055276381909548,
        4.150753768844221,
        4.2462311557788945,
        4.341708542713567,
        4.4371859296482405,
        4.532663316582914,
        4.628140703517587,
        4.723618090452261,
        4.819095477386934,
        4.914572864321608,
        5.010050251256281,
        5.105527638190955,
        5.201005025125628,
        5.296482412060302,
        5.391959798994975,
        5.4874371859296485,
        5.582914572864322,
        5.6783919597989945,
        5.773869346733668,
        5.869346733668341,
        5.964824120603015,
        6.060301507537688,
        6.155778894472362,
        6.251256281407035,
        6.346733668341709,
        6.442211055276382,
        6.5376884422110555,
        6.633165829145728,
        6.7286432160804015,
        6.824120603015075,
        6.919597989949748,
        7.015075376884422,
        7.110552763819095,
        7.206030150753769,
        7.301507537688442,
        7.396984924623116,
        7.492462311557789,
        7.5879396984924625,
        7.683417085427135,
        7.7788944723618085,
        7.874371859296482,
        7.969849246231155,
        8.065326633165828,
        8.160804020100503,
        8.256281407035175,
        8.35175879396985,
        8.447236180904522,
        8.542713567839197,
        8.638190954773869,
        8.733668341708542,
        8.829145728643216,
        8.924623115577889,
        9.020100502512562,
        9.115577889447236,
        9.21105527638191,
        9.306532663316583,
        9.402010050251256,
        9.49748743718593,
        9.592964824120603,
        9.688442211055277,
        9.78391959798995,
        9.879396984924623,
        9.974874371859297,
        10.07035175879397,
        10.165829145728644,
        10.261306532663315,
        10.356783919597989,
        10.452261306532662
    ],
    "ks": [
        3.1622776601683795e-05,
        3.625117049988535e-05,
        4.1556988469563484e-05,
        4.7639380104013405e-05,
        5.4612006795364095e-05,
        6.260516572014815e-05,
        7.176822469706299e-05,
        8.227241341700473e-05,
        9.431402320497317e-05,
        0.00010811807510766077,
        0.00012394252485211965,
        0.00014208308325339223,
        0.00016287874214985498,
        0.00018671810912919206,
        0.0002140466694217523,
        0.00024537511066398166,
        0.00028128886609642633,
        0.00032245905452963947,
        0.0003696550215126699,
        0.0004237587160604063,
        0.00048578117159706736,
        0.0005568813990945267,
        0.0006383880454607353,
        0.0007318242219076182,
        0.0008389359662650986,
        0.0009617248711152964,
        0.0011024854874674263,
        0.0012638482029342971,
        0.0014488283956730537,
        0.0016608827826277166,
        0.0019039740150507663,
        0.0021826447283974874,
        0.0025021024303602817,
        0.002868316813342012,
        0.0032881313098424274,
        0.0037693909753883635,
        0.004321089088750567,
        0.00495353520895917,
        0.005678547829591997,
        0.00650967523045817,
        0.007462448653723031,
        0.008554672535565685,
        0.009806757216915775,
        0.011242100350620862,
        0.012887524132383678,
        0.014773776525985112,
        0.01693610584916738,
        0.019414919457438815,
        0.022256538834596835,
        0.0255140652003129,
        0.029248371810351573,
        0.033529241492495566,
        0.03843667067526157,
        0.04406236427773573,
        0.05051144939547159,
        0.057904439806024895,
        0.06637948800475621,
        0.07609496685459875,
        0.0872324290929691,
        0.1,
        0.11,
        0.12375,
        0.1375,
        0.15125,
        0.165,
        0.17875000000000002,
        0.1925,
        0.20625,
        0.22,
        0.23375,
        0.2475,
        0.26125,
        0.275,
        0.28875,
        0.3025,
        0.31625,
        0.33,
        0.34375,
        0.3575,
        0.37124999999999997,
        0.385,
        0.39875,
        0.4125,
        0.42624999999999996,
        0.44,
        0.45375,
        0.46749999999999997,
        0.48125,
        0.495,
        0.50875,
        0.5225,
        0.53625,
        0.55,
        0.56375,
        0.5775,
        0.59125,
        0.605,
        0.61875,
        0.6325,
        0.64625,
        0.66,
        0.67375,
        0.6875,
        0.70125,
        0.715,
        0.72875,
        0.7424999999999999,
        0.75625,
        0.77,
        0.78375,
        0.7975,
        0.81125,
        0.825,
        0.83875,
        0.8525,
        0.86625,
        0.88,
        0.89375,
        0.9075,
        0.92125,
        0.9349999999999999,
        0.94875,
        0.9625,
        0.97625,
        0.99
    ],
    "kon": 1,
    "koff": 1,
    "n": 1,
    "S_bins": 60,
    "C_bins": 100,
    "C_cov": 0.6
}