{
    "hillmode": "koff",
    "taus": [
        10,
        600
    ],
    "hs": [
        1.0,
        1.0954773869346734,
        1.1909547738693467,
        1.2864321608040201,
        1.3819095477386933,
        1.4773869346733668,
        1.5728643216080402,
        1.6683417085427137,
        1.763819095477387,
        1.8592964824120601,
        1.9547738693467336,
        2.050251256281407,
        2.1457286432160805,
        2.241206030150754,
        2.3366834170854274,
        2.4321608040201004,
        2.527638190954774,
        2.6231155778894473,
        2.7185929648241203,
        2.8140703517587937,
        2.909547738693467,
        3.0050251256281406,
        3.100502512562814,
        3.1959798994974875,
        3.291457286432161,
        3.386934673366834,
        3.4824120603015074,
        3.577889447236181,
        3.6733668341708543,
        3.7688442211055277,
        3.8643216080402008,
        3.959798994974874,
        4.055276381909548,
        4.150753768844221,
        4.2462311557788945,
        4.341708542713567,
        4.4371859296482405,
        4.532663316582914,
        4.628140703517587,
        4.723618090452261,
        4.819095477386934,
        4.914572864321608,
        5.010050251256281,
        5.105527638190955,
        5.201005025125628,
        5.296482412060302,
        5.391959798994975,
        5.4874371859296485,
        5.582914572864322,
        5.6783919597989945,
        5.773869346733668,
        5.869346733668341,
        5.964824120603015,
        6.060301507537688,
        6.155778894472362,
        6.251256281407035,
        6.346733668341709,
        6.442211055276382,
        6.5376884422110555,
        6.633165829145728,
        6.7286432160804015,
        6.824120603015075,
        6.919597989949748,
        7.015075376884422,
        7.110552763819095,
        7.206030150753769,
        7.301507537688442,
        7.396984924623116,
        7.492462311557789,
        7.5879396984924625,
        7.683417085427135,
        7.7788944723618085,
        7.874371859296482,
        7.969849246231155,
        8.065326633165828,
        8.160804020100503,
        8.256281407035175,
        8.35175879396985,
        8.447236180904522,
        8.542713567839197,
        8.638190954773869,
        8.733668341708542,
        8.829145728643216,
        8.924623115577889,
        9.020100502512562,
        9.115577889447236,
        9.21105527638191,
        9.306532663316583,
        9.402010050251256,
        9.49748743718593,
        9.592964824120603,
        9.688442211055277,
        9.78391959798995,
        9.879396984924623,
        9.974874371859297,
        10.07035175879397,
        10.165829145728644,
        10.261306532663315,
        10.356783919597989,
        10.452261306532662,
        10.547738693467336,
        10.64321608040201,
        10.738693467336683,
        10.834170854271356,
        10.92964824120603,
        11.025125628140703,
        11.120603015075377,
        11.21608040201005,
        11.311557788944723,
        11.407035175879397,
        11.50251256281407,
        11.597989949748744,
        11.693467336683417,
        11.78894472361809,
        11.884422110552764,
        11.979899497487438,
        12.075376884422111,
        12.170854271356784,
        12.266331658291456,
        12.36180904522613,
        12.457286432160803,
        12.552763819095476,
        12.64824120603015,
        12.743718592964823,
        12.839195979899497,
        12.93467336683417,
        13.030150753768844,
        13.125628140703517,
        13.22110552763819,
        13.316582914572864,
        13.412060301507537,
        13.507537688442211,
        13.603015075376884,
        13.698492462311558,
        13.793969849246231,
        13.889447236180905,
        13.984924623115578,
        14.080402010050252,
        14.175879396984925,
        14.271356783919597,
        14.36683417085427,
        14.462311557788944,
        14.557788944723617,
        14.65326633165829,
        14.748743718592964,
        14.844221105527637,
        14.93969849246231,
        15.035175879396984,
        15.130653266331658,
        15.226130653266331,
        15.321608040201005,
        15.417085427135678,
        15.512562814070352,
        15.608040201005025,
        15.703517587939698,
        15.798994974874372,
        15.894472361809045,
        15.989949748743719,
        16.085427135678394,
        16.180904522613066,
        16.276381909547737,
        16.371859296482413,
        16.467336683417084,
        16.562814070351756,
        16.65829145728643,
        16.753768844221106,
        16.849246231155778,
        16.94472361809045,
        17.040201005025125,
        17.1356783919598,
        17.231155778894472,
        17.326633165829143,
        17.42211055276382,
        17.51758793969849,
        17.613065326633166,
        17.708542713567837,
        17.804020100502512,
        17.899497487437184,
        17.99497487437186,
        18.09045226130653,
        18.185929648241206,
        18.281407035175878,
        18.376884422110553,
        18.472361809045225,
        18.5678391959799,
        18.66331658291457,
        18.758793969849247,
        18.85427135678392,
        18.949748743718594,
        19.045226130653266,
        19.14070351758794,
        19.236180904522612,
        19.331658291457288,
        19.42713567839196,
        19.52261306532663,
        19.618090452261306,
        19.713567839195978,
        19.809045226130653,
        19.904522613065325,
        20.0
    ],